{"cameraMode":{"drawMode":0,"name":"Shaded","section":"Shading Mode"},"sceneLighting":true,"audioPlay":false,"sceneViewState":{"showFog":true,"showMaterialUpdate":false,"showSkybox":false,"showFlares":true,"showImageEffects":true,"showParticleSystems":true},"in2DMode":false,"pivot":{"x":2.5932278633117677,"y":1.4670000076293946,"z":1.2820959091186524},"rotation":{"x":-0.04719183221459389,"y":-0.9524742364883423,"z":0.1949266940355301,"w":-0.22995145618915559},"size":7.274612903594971,"orthographic":true}