{"cameraMode":{"drawMode":0,"name":"Shaded","section":"Shading Mode"},"sceneLighting":false,"audioPlay":false,"sceneViewState":{"showFog":true,"showMaterialUpdate":false,"showSkybox":false,"showFlares":true,"showImageEffects":true,"showParticleSystems":true},"in2DMode":false,"pivot":{"x":-0.27744752168655398,"y":2.0065665245056154,"z":-0.38257071375846865},"rotation":{"x":0.030985742807388307,"y":0.6926723718643189,"z":-0.02965248003602028,"w":0.7201407551765442},"size":1.9671342372894288,"orthographic":true}