{"cameraMode":{"drawMode":0,"name":"Shaded","section":"Shading Mode"},"sceneLighting":true,"audioPlay":false,"sceneViewState":{"showFog":true,"showMaterialUpdate":false,"showSkybox":true,"showFlares":true,"showImageEffects":true,"showParticleSystems":true},"in2DMode":false,"pivot":{"x":-4.8632283210754398,"y":6.121387958526611,"z":-0.09226731956005097},"rotation":{"x":0.14789344370365144,"y":0.7914448380470276,"z":-0.21080227196216584,"w":0.5546548366546631},"size":9.269488334655762,"orthographic":true}