{"cameraMode":{"drawMode":0,"name":"Shaded","section":"Shading Mode"},"sceneLighting":false,"audioPlay":false,"sceneViewState":{"showFog":false,"showMaterialUpdate":false,"showSkybox":false,"showFlares":false,"showImageEffects":false,"showParticleSystems":false},"in2DMode":false,"pivot":{"x":15.674518585205079,"y":0.7164163589477539,"z":9.761871337890625},"rotation":{"x":-0.45937636494636538,"y":0.007192193530499935,"z":-0.003719744738191366,"w":-0.8882048726081848},"size":3.0486457347869875,"orthographic":false}