{"cameraMode":{"drawMode":0,"name":"Shaded","section":"Shading Mode"},"sceneLighting":true,"audioPlay":false,"sceneViewState":{"showFog":false,"showMaterialUpdate":false,"showSkybox":true,"showFlares":false,"showImageEffects":false,"showParticleSystems":false},"in2DMode":false,"pivot":{"x":16.15261459350586,"y":2.6434717178344728,"z":0.6551411151885986},"rotation":{"x":0.17933502793312074,"y":-0.004428234416991472,"z":0.000814349390566349,"w":0.9837897419929504},"size":2.3240480422973635,"orthographic":false}