{"cameraMode":{"drawMode":0,"name":"Shaded","section":"Shading Mode"},"sceneLighting":false,"audioPlay":false,"sceneViewState":{"showFog":false,"showMaterialUpdate":false,"showSkybox":false,"showFlares":false,"showImageEffects":false,"showParticleSystems":false},"in2DMode":false,"pivot":{"x":-0.0032495856285095217,"y":0.03483390808105469,"z":-0.12332108616828919},"rotation":{"x":-0.18078579008579255,"y":0.2140669971704483,"z":-0.04035037383437157,"w":-0.9590969085693359},"size":1.5974079370498658,"orthographic":false}